ID,Nombre,Apellido,Género
6810980,Ricardo,Soto,Hombre
6810979,Broderick,Crawford,Hombre
646013,GONZALO ALBERTO,FARIAS-CASTRO,Hombre
7027516,G.,Lefranc,Hombre
135023,Roberto,Munoz,Hombre
5147517,Victor,Leiva,Hombre
5138833,Cristian E.,Rusu,Hombre
169569,Rodolfo,Villarroel,Hombre
884869,Orlando,Duran,Hombre
5951861,Guillermo,Cabrera-Guerrero,Hombre
2635622,CLAUDIO ALONSO,CUBILLOS-FIGUEROA,Hombre
1426874,HECTOR IGNACIO,CASTELLUCCI-IRAZOQUI,Hombre
5782861,Francisco,Pizarro,Hombre
454657,MAURICIO ALEJANDRO,RODRIGUEZ-GUZMAN,Hombre
1476788,Stefan,Voss,Hombre
865504,ARIEL,LEIVA-LOPEZ,Hombre
1963454,GABRIEL,HERMOSILLA-VIGNEAU,Hombre
6823657,Rodrigo F.,Herrera,Hombre
135022,Fabian,Riquelme,Hombre
561252,Carla,Taramasco,Mujer
1921758,DANIEL ANDRES,CABRERA-PANIAGUA,Hombre
162954,Jordi,Pereira,Hombre
731892,"E., JR.",CABRERA,Hombre
122598,Franklin,Johnson,Hombre
1231041,RODRIGO ANDRES,OLIVARES-ORDENES,Hombre
1478534,Werner,Jara,Hombre
2348295,SEBASTIAN CARLOS,FINGERHUTH-MASSMANN,Hombre
321618,Felipe,Munoz-La Rivera,Hombre
1347211,HECTOR,VARGAS-OYARZUN,Hombre
6745910,Héctor,Allende-Cid,Hombre
720209,Ignacio,Muga,Hombre
1160414,Pablo A.,Miranda,Hombre
2339019,MIGUEL ENRIQUE,LOPEZ-GONZALEZ,Hombre
94634,Rosa Guadalupe G.,Gonzalez Ramirez,Mujer
243524,Juan Carlos,Vielma Perez,Hombre
1348419,Hanns,de la Fuente Mella,Hombre
1423408,DANIELA CONSTANZA,QUINONES-OTEY,Mujer
3977404,Jorge Andrés Muñoz,Mendoza,Hombre
6533397,Claudia,Del P Lagos,Mujer
1177003,Rene,Noel,Hombre
2415769,MARCOS ALBERTO,VALDEBENITO-CASTILLO,Hombre
245525,Enrique,Urra,Hombre
527271,Fernando,Rojas,Hombre
1156648,Esteban,Vera,Hombre
2626552,CARLOS,VIVIANI-GONZALEZ,Hombre
3323131,Gabriel,Gutierrez-Jarpa,Hombre
4763436,Sandra,Cano,Mujer
4980386,Edison,Atencio,Hombre
727534,Daniel,Yunge,Hombre
3541709,ALEJANDRA LILIANA,BEGHELLI-ZAPATA,Mujer
5069468,Rodrigo,Salas,Hombre
46586,Enrique,Canessa,Hombre
192652,Jose Miguel,Rubio,Hombre
1138737,Guillermo,Castro,Hombre
1650104,RODRIGO JAVIER,CARVAJAL-GUERRA,Hombre
2527599,E.,Gonzalez-Olivares,Hombre
4060297,José A.,González,Hombre
6065925,Jose,Garcia,Hombre
6822279,Carlos,Reusser,Hombre
112464,Ignacio,Araya,Hombre
112564,Javier A.,Riedemann,Hombre
813793,Wael,El-Deredy,Hombre
1055359,Jorge,Saavedra Torrico,Hombre
1327330,German,Paredes-Belmar,Hombre
1332785,Virginica,Rusu,Mujer
2316640,Salvatore,Cannella,Hombre
2849287,Alejandro,Weinstein,Hombre
3530634,Hector,Pena,Hombre
3636359,Milan,Stehlik,Hombre
4690027,Diego,Miranda,Hombre
5494333,S.,Rojas,Hombre
5668550,Franco,Basso,Hombre
6535184,Jean-Gabriel,Minonzio,Hombre
65746,Carlos,Valle,Hombre
110634,Hector,Cornide-Reyes,Hombre
176596,Armando,Guarnaschelli,Hombre
193063,ISMAEL JOSE,FIGUEROA-PALET,Hombre
214147,Katherine,Valencia,Mujer
447465,M. J.,Torres,Mujer
572470,Tomas,Rodenas,Hombre
819343,Danilo,Borquez-Paredes,Hombre
961739,ALEJANDRO MAXIILIANO,ROJAS-PALMA,Hombre
1168634,Pablo,Perez-Lantero,Hombre
1207134,ROSEMARIE,MELLADO-SUAZO,Mujer
1332741,SILVANA PAOLA,RONCAGLIOLO-DE LA HORRA,Mujer
1813175,M.,Aizpun,Hombre
1970687,JULIO ANDRES,SOTELO-PARRAGUEZ,Hombre
2106341,Sebastian,Seriani,Hombre
2725300,Lorena,Bearzotti,Mujer
3023855,ADOLFO,ARATA-ANDREANI,Hombre
3514756,PAULA ANDREA,ROJAS-SAPERAS,Mujer
3516946,ALEJANDRO ANDRES,VELOZ-BAEZA,Hombre
3680014,Edgar Giovanny,Diaz-Segura,Hombre
3835181,Cristian L,Vidal,Hombre
3963349,Rolando,Rubilar,Hombre
4724323,Stefan,Voβ,Hombre
4836654,Alvaro F.,Lopez,Hombre
5026444,Carlos,Madariaga,Hombre
5163220,Catalina N.,Astudillo,Mujer
5788014,Gino,Astorga,Hombre
6435885,Juan Zamora,Osorio,Hombre
6549737,Felipe,Ignacio Calderon,Hombre
6657879,Angel,Rodríguez,Hombre
6720151,Cecilia,Montt,Mujer
46872,Jose,Lemus-Romani,Hombre
113864,Yunesky,Masip Macia,Hombre
163591,Mauricio,Huerta,Hombre
166186,Mario A.,Bruno,Hombre
214146,Erick,Jamet,Hombre
354284,Joaquin,Mura,Hombre
421846,Claudio,Elortegui,Hombre
501935,Enrique M.,Cortes-Toro,Hombre
507381,PEDRO ANTONIO,ESCARATE-MONETTA,Hombre
569072,Claudio,Araya-Sassi,Hombre
672646,Juan F.,Vivanco,Hombre
700649,Francisco,Vera,Hombre
719835,Erick,Merino,Hombre
827792,Carlos,Becerra,Hombre
884910,Gustavo,Schleyer,Hombre
894349,Jose Luis,Verdugo,Hombre
911958,E.,Peralta,Hombre
953163,H.,Pinto,Hombre
1226945,MONICA ALEJANDRA,LOPEZ-CAMPOS,Mujer
1248165,Manuel A.,Bravo,Hombre
1327809,S.,Ossandon,Hombre
1365153,WALDO EMERSON,QUIROZ-VENEGAS,Hombre
1560792,Jorge,Mendoza-Baeza,Hombre
1822727,Pablo,Cabrera-Guerrero,Hombre
2001099,NATALIA ANGELINA,BERRIOS-PENA,Mujer
2108220,GONZALO ANTONIO,RIVEROS-PATRONI,Hombre
2358015,CARLA GIOVANNA,RIMASSA-VASQUEZ,Mujer
3170824,BEATRIZ XIMENA,CANCINO-MADARIAGA,Mujer
3269695,Carlos,Carlesi-Jara,Hombre
3323278,Jaime,Mena-Lorca,Hombre
3336312,RODRIGO,RIVERA-CAMPOS,Hombre
3465378,Franco,Guidi-Polanco,Hombre
3536487,JOSE ARTURO,CERONI-DIAZ,Hombre
3834659,Cristian M.,Carvajal,Hombre
3853237,Kenny L.,Alvarez C,Hombre
3853238,Rodrigo F.,Lagos C,Hombre
3982265,Silvia J.,Sarzoza,Mujer
4685702,Roberto,Mac Lean,Hombre
4696722,Pablo,Stuardo,Hombre
4716414,Camilo,Guerrero-Nancuante,Hombre
4745289,Marisol,Belmonte,Mujer
4942852,Rafael,Guerra-Silva,Hombre
4959889,Miguel A.,Gomez,Hombre
5078072,Jose Luis,Valin Rivera,Hombre
5217775,José,Gaete,Hombre
5217777,Ismael,Figueroa,Hombre
5217779,Roberto,Muñoz,Hombre
5306909,Nicolás,Matus,Hombre
5349682,Gonzalo,Mejia,Hombre
5525402,Nelson,Castro,Hombre
5567230,Felipe Muñoz,La Rivera,Hombre
5578828,Miguel A.,Rodríguez,Hombre
5580390,Jonathan,Vasquez Verdugo,Hombre
5621295,Alexander Rodriguez,Soto,Hombre
5634447,Jonathan,Ugalde,Hombre
5656692,Sara,Cuéllar,Mujer
5693616,A.,Rodrigues-Lopez,Mujer
5695579,Guillermo,Bustos,Hombre
5696373,Alberto,Marroquín,Hombre
5753713,Andrés F.,Ochoa-Muñoz,Hombre
5753715,Cristian E.,García-Bermúdez,Hombre
5754918,Danilo,Riquelme,Hombre
5764307,Diego,Monsalves,Hombre
5894476,Domingo,Ruiz-Caballero,Hombre
5952403,Karla,Schroder,Mujer
5952405,Roberto,Chacon,Hombre
5958860,Ramon,Herrera Hernandez,Hombre
6240954,Cristian,Vidal-Silva,Hombre
6599499,Gonzalo,García-Ros,Hombre
6806455,Felipe C. Muñoz-La,Rivera,Hombre
6810978,Marcelo,Becerra-Rozas,Hombre
6843081,Marvin,Querales,Hombre
